member_id,first_name,last_name,phone_number,email
MB0001,Christina,Chapman,5223411883454,brandi13@example.com
MB0002,Lauren,Pittman,2097276740215,xfleming@example.net
MB0003,Kellie,Bishop,1848954421821,danielcollins@example.net
MB0004,Rebecca,Bird,5278178206674,mhoward@example.org
MB0005,James,Hunt,9820803988144,joy95@example.org
MB0006,Catherine,Flores,1947044578262,hallen@example.org
MB0007,Mason,Goodwin,5730927862812,chowell@example.org
MB0008,Jennifer,Adams,1187614637560,virginiawalsh@example.net
MB0009,Lori,Thomas,3492988976192,christinerobinson@example.org
MB0010,Andrew,Swanson,4297229153535,tinaryan@example.net
MB0011,Susan,Howell,1231717905593,slee@example.org
MB0012,Jason,Benson,6934230211600,joseph73@example.net
MB0013,Tiffany,Montgomery,2279922672488,ssmith@example.org
MB0014,Anthony,Rivera,0737048260992,rebecca48@example.net
MB0015,Sarah,Dean,7318913804096,vargaskristopher@example.org
MB0016,Steve,Steele,5649261905872,heidi48@example.com
MB0017,Heather,Shepherd,8095888265293,ptyler@example.org
MB0018,Tyler,Hawkins,2232148928362,russellcole@example.org
MB0019,Darlene,White,6504005638491,kenneth23@example.net
MB0020,Roy,Moran,3749671851949,debra76@example.net
MB0021,Samuel,Edwards,5608154755972,millerjeremiah@example.net
MB0022,Stacey,Colon,7763984249897,michael45@example.net
MB0023,Patricia,Hood,7916749719775,rchang@example.com
MB0024,Luke,Miranda,5276963910784,perrykatrina@example.com
MB0025,Natasha,Williams,4978715310673,rhonda45@example.net
MB0026,Crystal,Salinas,0322399537232,jason06@example.org
MB0027,Lorraine,Greer,9007992208704,shawnwilson@example.org
MB0028,Toni,Griffin,8401799448497,golson@example.com
MB0029,Eileen,Bruce,9011112802014,itran@example.org
MB0030,Steve,Stephenson,4459281640736,yhodges@example.org
MB0031,Christopher,Jones,8261064949502,amy25@example.org
MB0032,Sandy,Garrett,0145604558041,carrie54@example.org
MB0033,Jackie,Ingram,5736031309485,cartercharles@example.net
MB0034,Barbara,Brown,2158839108297,denisejohnson@example.com
MB0035,Michael,Santiago,9807422380044,yhoffman@example.net
MB0036,David,Pena,4173526895097,ggarza@example.com
MB0037,Jacob,Reeves,5100177204098,jacob16@example.com
MB0038,Mark,Long,9379980483146,shawnjohnson@example.com
MB0039,Julie,Holland,9789935224696,wolfeaaron@example.com
MB0040,Erik,Baxter,0183483606553,joshua05@example.org
MB0041,Richard,Murphy,3799352775832,emilyhaas@example.com
MB0042,Phillip,Crawford,2569636571528,mdavis@example.org
MB0043,Ariel,Brooks,9164033572605,ryan22@example.org
MB0044,Samuel,Peterson,5130885443062,timothytucker@example.org
MB0045,Daniel,Willis,7772501155839,rwiggins@example.com
MB0046,Brittany,Chapman,3500362429436,hodgemichelle@example.net
MB0047,Frank,Rodriguez,1218284797504,charles12@example.net
MB0048,Martin,Bryant,9294367950252,martinjesse@example.net
MB0049,Robert,May,7990804587031,fcordova@example.net
MB0050,Stephen,Hayes,1511026159473,kelly49@example.org
MB0051,Daniel,Gamble,3142912550952,dtaylor@example.net
MB0052,Gary,Woodard,2366459772298,waltoncrystal@example.com
MB0053,Lindsay,Sanders,9082264043492,anthonypaul@example.org
MB0054,Sharon,Adams,7321665023668,kdougherty@example.net
MB0055,Brett,Schultz,8172458591664,bobby52@example.net
MB0056,Christopher,Yates,6204922592218,tanyasullivan@example.org
MB0057,Frederick,Shea,6461238325375,victorparker@example.org
MB0058,Jennifer,Lambert,6973143955211,rmitchell@example.net
MB0059,Tonya,Murphy,0973509115002,miaraymond@example.com
MB0060,Henry,Davis,1412727939016,valenzuelaadam@example.com
MB0061,Maria,Harris,9892109180639,tammy89@example.com
MB0062,Kenneth,Fowler,2797171469413,stephaniehoward@example.com
MB0063,George,Smith,1806151044810,sarahguzman@example.org
MB0064,Nathan,Wiggins,4178962459575,jsummers@example.com
MB0065,Laura,Davis,0793086918589,earl08@example.net
MB0066,Brittany,Sanders,4115646255690,coopermichael@example.com
MB0067,John,Henry,7496650391306,smithjennifer@example.net
MB0068,Justin,Pruitt,4380350874442,sarah91@example.org
MB0069,Amanda,Patterson,9904407280772,courtney80@example.net
MB0070,Stephanie,Gonzales,6494423074524,anna14@example.com
MB0071,Margaret,Mccormick,7835386440532,larrybrown@example.org
MB0072,Virginia,Smith,0263974410818,brockkathryn@example.org
MB0073,Connie,Adams,9524704898840,middletonzachary@example.com
MB0074,Michael,Johnson,0076197623502,traceyboyd@example.net
MB0075,Pamela,Burke,6074114773510,bryanbrooks@example.net
MB0076,Chelsey,Johnston,3291227893409,wmiller@example.org
MB0077,Stephanie,Johnson,3810513990914,amandapennington@example.net
MB0078,Kristina,Moore,6611489284313,ashleymartin@example.net
MB0079,Erik,Moore,8072504103954,vphillips@example.org
MB0080,Elizabeth,Olson,1099168228870,michelle29@example.net
MB0081,Robert,Villa,7548007781610,qpark@example.com
MB0082,David,Rogers,3661547198032,pinedashawn@example.net
MB0083,Vanessa,Lee,3032386349328,ywilliams@example.org
MB0084,Catherine,Nelson,7380324862595,vgray@example.net
MB0085,Samantha,Shepard,9793763067098,kevinjones@example.org
MB0086,Patrick,King,2814108919785,garzabenjamin@example.org
MB0087,Barry,Wilson,6562179289500,andres72@example.net
MB0088,Ryan,Martin,2577297836784,msantana@example.com
MB0089,Karen,Stone,4313824363089,brookskelly@example.com
MB0090,Ryan,Gilbert,5353512323909,ashley33@example.org
MB0091,Maria,Dawson,4370090137386,thomas38@example.com
MB0092,Michele,Fernandez,3744821821108,maria55@example.net
MB0093,Colin,Armstrong,2805701870364,zroberts@example.org
MB0094,Jacob,Stewart,3077042822265,palmerjulia@example.com
MB0095,Andrea,Haynes,5145598702646,usmith@example.net
MB0096,Timothy,Watson,5321830738637,rossstanley@example.net
MB0097,Crystal,Williams,5555295746284,sparksdale@example.net
MB0098,Joy,Lopez,4254215897354,harrisonjames@example.org
MB0099,Debra,Hart,9720355882545,uhunter@example.net
MB0100,Victoria,Bryant,9157649071778,roberto31@example.net
MB0101,Brittany,Beck,8911062073876,devans@example.org
MB0102,Stacey,Robinson,5818388729083,omcfarland@example.com
MB0103,Jared,Cook,0022436911540,landerson@example.org
MB0104,Brian,Garcia,1465862671078,pwyatt@example.org
MB0105,Ernest,Carey,3874305515988,joan01@example.org
MB0106,Traci,Fuentes,9230049255254,jorgeashley@example.net
MB0107,Jeffrey,Sanders,1634322951224,brittany21@example.net
MB0108,Matthew,Lawrence,5710371219191,jimenezdeborah@example.net
MB0109,Andrea,Strickland,7517581264149,jeffrey14@example.net
MB0110,Nathan,Valdez,1458052409846,debraerickson@example.com
MB0111,Kelly,Davis,3788928857094,shermansarah@example.com
MB0112,Crystal,Kennedy,3776964317524,martinezgary@example.org
MB0113,Christine,Colon,7428159832544,comptonkelly@example.net
MB0114,Amber,Smith,8054250210561,maureen61@example.org
MB0115,Jamie,Fisher,7010379441042,stevenroach@example.com
MB0116,Alice,Johnson,0959204647259,robertriley@example.com
MB0117,David,Hardy,6576376165694,micheal97@example.org
MB0118,Brandon,Shah,1581646687633,summersdennis@example.net
MB0119,Kathryn,Romero,0352783388156,valdezchristina@example.org
MB0120,Richard,Holloway,6700856530880,ojacobs@example.com
MB0121,Cindy,Reyes,8547841362267,jennifer40@example.com
MB0122,Jill,Walsh,5151244170956,stephanie63@example.com
MB0123,Matthew,Walters,8218445541482,hmacias@example.net
MB0124,Jasmine,Cruz,7147716589928,robertrobinson@example.org
MB0125,James,Wallace,7523204887391,jamessteele@example.com
MB0126,Rebecca,Smith,3774927297395,ntapia@example.org
MB0127,Jeffrey,Tucker,2981035800828,william23@example.com
MB0128,Kevin,Williams,7065843386754,tbell@example.net
MB0129,Sierra,Guerrero,5425493769724,gregorybrown@example.net
MB0130,Marissa,Thomas,2981499981712,apayne@example.net
MB0131,Anthony,Crawford,6457177996185,jacobanderson@example.net
MB0132,Anthony,Burnett,7204804073482,kingangela@example.org
MB0133,Mary,Simmons,3554312429370,kimberly23@example.org
MB0134,Douglas,Morris,8506841505068,kirkpamela@example.com
MB0135,David,Young,4743564181156,ywatson@example.net
MB0136,Chad,Cole,4061217909969,wadejoshua@example.com
MB0137,Matthew,Grant,4753756137569,pwagner@example.net
MB0138,Earl,Buck,4135692525162,cookjames@example.com
MB0139,Kelly,Schneider,3955932811877,kimberly87@example.com
MB0140,Zachary,Scott,5210969872948,iroy@example.com
MB0141,Ashley,Ramirez,9729743676807,adunn@example.net
MB0142,Lori,Clark,4693473786407,landerson@example.net
MB0143,Samantha,Wood,1276257767976,richard20@example.net
MB0144,Sherry,Thomas,0273130016736,jnelson@example.net
MB0145,Marissa,Bates,3866962829669,taylordenise@example.org
MB0146,Justin,Robinson,4134320804393,qjennings@example.org
MB0147,Stacy,Williams,4960498333353,marksmith@example.com
MB0148,Charles,Green,2215989382189,gabriel00@example.net
MB0149,Jamie,Lee,9933127093299,kimberlymcbride@example.net
MB0150,Elizabeth,Wood,1400520836540,qsanchez@example.org
MB0151,Traci,Boyd,5257060080500,williamdawson@example.org
MB0152,Thomas,Mack,4814929604136,rsimpson@example.org
MB0153,Scott,Skinner,6836869634717,gail11@example.org
MB0154,Daniel,Porter,4249329493880,varellano@example.net
MB0155,Benjamin,Nixon,3569189825874,littleconnie@example.org
MB0156,April,Hill,4482377432938,melissapatrick@example.com
MB0157,Matthew,Hill,2991047973512,timothyclark@example.org
MB0158,Heather,Smith,8199568396004,gillkimberly@example.org
MB0159,Kevin,Harper,0248474949143,hopkinssarah@example.net
MB0160,Jennifer,Smith,1417345721947,fosternoah@example.net
MB0161,Jennifer,Obrien,0420622248885,henrygross@example.com
MB0162,Christopher,Cole,4957880258844,aaron79@example.com
MB0163,Kelly,Ferguson,6243380087613,josephjohnson@example.org
MB0164,Marilyn,Sullivan,0819541443269,jameslee@example.com
MB0165,Suzanne,Mcpherson,8631022259994,travissmith@example.net
MB0166,Dustin,Johnson,5691987431567,pattersonjennifer@example.com
MB0167,Kelly,Williams,1413961195975,lopezdevon@example.com
MB0168,Michael,Byrd,5506437546061,umunoz@example.net
MB0169,Shane,Gregory,9023029887253,sgrant@example.org
MB0170,Brian,Murphy,1915148619309,sylviahubbard@example.net
MB0171,Sharon,Watson,2437875456334,samanthabarrera@example.org
MB0172,Samuel,Wilson,9231754836122,shellyle@example.net
MB0173,Kevin,Flores,8351007030993,bradprice@example.com
MB0174,Edward,Hill,7752575971708,harrismichael@example.net
MB0175,Gregory,Martinez,4896114911422,erica17@example.org
MB0176,John,Woods,7159434739048,qgregory@example.org
MB0177,Morgan,Richardson,2950124281398,susanstout@example.org
MB0178,Daniel,Davidson,1104504077366,perezjanice@example.org
MB0179,Angelica,Willis,5894490825387,fowlernicholas@example.net
MB0180,Gloria,Gregory,6392836459263,krose@example.net
MB0181,Brooke,Obrien,7036950057236,jose88@example.net
MB0182,Shawn,Clark,3576376157017,hgregory@example.com
MB0183,Donald,Russell,3740815356917,sierrahernandez@example.org
MB0184,Sabrina,Case,7322056144558,kaylamoore@example.net
MB0185,Melissa,Kim,0207872797455,maria33@example.net
MB0186,Daniel,Schultz,1317817088290,dboyd@example.com
MB0187,William,Morgan,1640470258141,jarmstrong@example.com
MB0188,Brandon,Quinn,1258723723733,xwest@example.org
MB0189,Jason,Harvey,3254575079673,weavercorey@example.net
MB0190,Gregory,Ferguson,3454566163890,smartinez@example.com
MB0191,Gina,Ramirez,0847742571644,danielphillips@example.org
MB0192,Sandra,Ramos,7570017277767,wsalazar@example.com
MB0193,Kelly,Cain,1716870766234,timothy15@example.com
MB0194,John,Hicks,4854527989339,johnmanning@example.com
MB0195,Edward,Wallace,1277351962233,rodney67@example.net
MB0196,Mario,Jackson,8249266573136,charlesjames@example.org
MB0197,Brandy,Flores,3485661885067,vward@example.net
MB0198,Ronald,Miranda,0068327139417,jhart@example.com
MB0199,Gregory,Bradshaw,5793237756594,russojerome@example.com
MB0200,Charles,Day,8681138863228,jacksonmartin@example.net
